statement ok
SET RW_IMPLICIT_FLUSH TO true;

statement ok
create table all_sales (salesperson_id int, customer_name varchar, amount int );

statement ok
create table salesperson (id int, name varchar );

statement ok
insert into salesperson values (1, 'Dylan'), (2, 'Galois'), (3, 'Tom');

statement ok
insert into all_sales values (1, 'A', 10),(1, 'B', 100),(1, 'C', 1000),(2, 'D', 5),(2, 'E', 50),(2, 'F', 500);

query TIT rowsort
SELECT
  salesperson.name,
  max_sale.amount,
  max_sale_customer.customer_name
FROM
  salesperson,
  -- calculate maximum size, cache it in transient derived table max_sale
  LATERAL
  (SELECT MAX(amount) AS amount
    FROM all_sales
    WHERE all_sales.salesperson_id = salesperson.id)
  AS max_sale,
  -- find customer, reusing cached maximum size
  LATERAL
  (SELECT customer_name
    FROM all_sales
    WHERE all_sales.salesperson_id = salesperson.id
    AND all_sales.amount =
        -- the cached maximum size
        max_sale.amount)
  AS max_sale_customer;
----
Dylan 1000 C
Galois 500 F

query TIT rowsort
SELECT
  salesperson.name,
  max_sale.amount,
  max_sale.customer_name
FROM
  salesperson,
  -- find maximum size and customer at same time
  LATERAL
  (SELECT amount, customer_name
    FROM all_sales
    WHERE all_sales.salesperson_id = salesperson.id
    ORDER BY amount DESC LIMIT 1)
  AS max_sale;
----
Dylan 1000 C
Galois 500 F

query TIT rowsort
SELECT
  salesperson.name,
  max_sale.amount,
  max_sale.customer_name
FROM
  salesperson left join
  -- find maximum size and customer at same time
  LATERAL
  (SELECT amount, customer_name
    FROM all_sales
    WHERE all_sales.salesperson_id = salesperson.id
    ORDER BY amount DESC LIMIT 1)
  AS max_sale on true;
----
Dylan 1000 C
Galois 500 F
Tom NULL NULL

statement ok
drop table all_sales;

statement ok
drop table salesperson;

statement ok
CREATE TABLE r(ts TIMESTAMPTZ, src_id int, dev_id int);

statement ok
INSERT INTO r VALUES
('2024-06-20T19:00:22Z'::TIMESTAMPTZ, 2, 2),
('2024-06-20T19:00:22Z'::TIMESTAMPTZ, 1, 3),
('2024-06-20T19:00:23Z'::TIMESTAMPTZ, 1, 2),
('2024-06-20T19:00:24Z'::TIMESTAMPTZ, 2, 1),
('2024-06-20T19:00:24Z'::TIMESTAMPTZ, 1, 2),
('2024-06-20T19:00:25Z'::TIMESTAMPTZ, 2, 1);

query TII rowsort
SELECT e.ts AS e_ts, d.*
FROM (
  SELECT '2024-06-20T19:01:00Z'::TIMESTAMPTZ ts, 1::INT AS src_id) e
JOIN LATERAL
(
  SELECT DISTINCT ON(src_id, dev_id) *
  FROM r
  WHERE r.src_id = e.src_id AND r.ts <= e.ts
  ORDER BY src_id, dev_id, ts DESC
)d on true;
----
2024-06-20 19:01:00+00:00 2024-06-20 19:00:22+00:00 1 3
2024-06-20 19:01:00+00:00 2024-06-20 19:00:24+00:00 1 2

statement ok
DROP TABLE r CASCADE;
